ID,Type,Species,Capture Method,Date,Time,Latitude,Longitude,Sex,Notch Pattern,Name,Found,Active,Exposure,Microhabitat,Habitat Notes,Emergent Vegetation,Submergent Vegetation,Water Depth,Notes
2844,tracked turtle,Terrapene ornata,Telemetry,5/9/21,9:41:23,41.32104679,-91.0825383,Male,"1,3-3L9R",Diez,Found,Not Active,30,On Land,,,,,
2853,tracked turtle,Terrapene ornata,Telemetry,5/10/21,9:31:00,41.3209547,-91.0825586,Male,"1,3-3L9R",Diez,Found,Active,100,On Land,,,,,
2898,tracked turtle,Terrapene ornata,Telemetry,5/12/21,9:30:14,41.32127582,-91.08219941,Male,"1,3-3L9R",Diez,Found,Active,100,On Land,,,,,
2882,tracked turtle,Terrapene ornata,Telemetry,5/13/21,9:43:38,41.32155125,-91.08276084,Male,"1,3-3L9R",Diez,Found,Active,100,On Land,,,,,
2945,tracked turtle,Terrapene ornata,Telemetry,5/16/21,10:07:10,41.32104375,-91.0825991,Male,"1,3-3L9R",Diez,Found,Active,100,On Land,,,,,
3015,tracked turtle,Terrapene ornata,Telemetry,5/19/21,9:46:45,41.32141859,-91.08209506,Male,"1,3-3L9R",Diez,Found,Not Active,10,On Land,,,,,
3062,tracked turtle,Terrapene ornata,Telemetry,5/20/21,9:30:08,41.3206599,-91.08279665,Male,"1,3-3L9R",Diez,Found,Active,100,On Land,,,,,
3149,tracked turtle,Terrapene ornata,Telemetry,5/21/21,9:47:06,41.32127352,-91.08235734,Male,"1,3-3L9R",Diez,Found,Not Active,0,On Land,,,,,
3170,tracked turtle,Terrapene ornata,Telemetry,5/22/21,10:29:09,41.32085748,-91.08220038,Male,"1,3-3L9R",Diez,Found,Active,80,On Land,,,,,
3233,tracked turtle,Terrapene ornata,Telemetry,5/24/21,10:01:46,41.32072067,-91.08282125,Male,"1,3-3L9R",Diez,Found,Active,100,On Land,,,,,
3326,tracked turtle,Terrapene ornata,Telemetry,5/26/21,10:53:21,41.32055845,-91.08322581,Male,"1,3-3L9R",Diez,Found,Active,100,On Land,,,,,
3395,tracked turtle,Terrapene ornata,Telemetry,5/29/21,9:52:58,41.3206673,-91.08309115,Male,"1,3-3L9R",Diez,Found,Not Active,25,On Land,,,,,
3436,tracked turtle,Terrapene ornata,Telemetry,5/31/21,9:50:37,41.32071763,-91.08280887,Male,"1,3-3L9R",Diez,Found,Not Active,50,On Land,,,,,
3474,tracked turtle,Terrapene ornata,Telemetry,6/2/21,10:55:29,41.32067595,-91.08319821,Male,"1,3-3L9R",Diez,Found,Active,0,On Land,,,,,
3544,tracked turtle,Terrapene ornata,Telemetry,6/3/21,9:55:57,41.32062033,-91.08328397,Male,"1,3-3L9R",Diez,Found,Active,100,On Land,,,,,
3901,tracked turtle,Terrapene ornata,Telemetry,6/14/21,8:00:36,41.32072073,-91.08301218,Male,"1,3-3L9R",Diez,Found,Active,15,On Land,,,,,
3975,tracked turtle,Terrapene ornata,Telemetry,6/17/21,8:25:50,41.32071052,-91.08304392,Male,"1,3-3L9R",Diez,Not Found,Not Active,0,On Land,,,,,
4076,tracked turtle,Terrapene ornata,Telemetry,6/23/21,7:46:46,41.32072192,-91.08293971,Male,"1,3-3L9R",Diez,Found,Not Active,5,On Land,,,,,
4168,tracked turtle,Terrapene ornata,Telemetry,7/2/21,7:36:25,41.32068327,-91.08298444,Male,"1,3-3L9R",Diez,Found,Not Active,0,On Land,,,,,
4339,tracked turtle,Terrapene ornata,Telemetry,7/12/21,10:10:54,41.32067385,-91.08291526,Male,"1,3-3L9R",Diez,Found,Active,0,On Land,,,,,
4525,tracked turtle,Terrapene ornata,Telemetry,7/20/21,8:55:02,41.32111515,-91.08238624,Male,"1,3-3L9R",Diez,Found,Not Active,0,On Land,buried almost completely under grass clump,,,,download data logger
4552,tracked turtle,Terrapene ornata,Telemetry,7/27/21,8:32:35,41.32094289,-91.08259254,Male,"1,3-3L9R",Diez,Not Found,Not Active,0,On Land,,,,,
4576,tracked turtle,Terrapene ornata,Telemetry,8/4/21,11:28:32,41.32079242,-91.08259708,Male,"1,3-3L9R",Diez,Not Found,Not Active,0,On Land,,,,,
4607,tracked turtle,Terrapene ornata,Telemetry,8/11/21,8:19:15,41.32112281,-91.08239254,Male,"1,3-3L9R",Diez,Found,Not Active,0,On Land,,,,,
4612,tracked turtle,Terrapene ornata,Telemetry,8/19/21,8:26:07,41.32112792,-91.08236538,Male,"1,3-3L9R",Diez,Found,Active,0,On Land,,,,,
4646,tracked turtle,Terrapene ornata,Telemetry,8/26/21,8:30:42,41.32189512,-91.08259178,Male,"1,3-3L9R",Diez,Found,Active,100,On Land,,,,,
4672,tracked turtle,Terrapene ornata,Telemetry,9/1/21,8:19:41,41.32058436,-91.082558,Male,"1,3-3L9R",Diez,Found,Active,50,On Land,,,,,
4678,tracked turtle,Terrapene ornata,Telemetry,9/8/21,9:26:02,41.32117,-91.08248767,Male,"1,3-3L9R",Diez,Not Found,Not Active,0,On Land,,,,,
4699,tracked turtle,Terrapene ornata,Telemetry,9/15/21,9:39:40,41.32090718,-91.0824692,Male,"1,3-3L9R",Diez,Found,Not Active,0,On Land,,,,,
4716,tracked turtle,Terrapene ornata,Telemetry,9/22/21,9:51:53,41.32077191,-91.08267805,Male,"1,3-3L9R",Diez,Not Found,Not Active,0,On Land,,,,,
4735,tracked turtle,Terrapene ornata,Telemetry,9/29/21,9:34:27,41.32104691,-91.08243462,Male,"1,3-3L9R",Diez,Not Found,Active,0,On Land,,,,,
4762,tracked turtle,Terrapene ornata,Telemetry,10/6/21,9:19:31,41.32098895,-91.08288699,Male,"1,3-3L9R",Diez,Not Found,Not Active,0,On Land,,,,,
4776,tracked turtle,Terrapene ornata,Telemetry,11/4/21,10:22:30,41.32096575,-91.08296528,Male,"1,3-3L9R",Diez,Not Found,Not Active,0,On Land,,,,,
4880,tracked turtle,Terrapene ornata,Telemetry,5/12/22,9:53:02,41.32065691,-91.08257321,Male,"1,3-3L9R",Diez,Found,Active,100,On Land,,,,,
2487,tracked turtle,Terrapene ornata,Telemetry,4/20/21,11:14:25,41.34044313,-91.08687335,Female,"1,3L1,3R",Cinco,Found,Not Active,0,On Land,about 4in deep,,,,
2494,tracked turtle,Terrapene ornata,Telemetry,4/21/21,10:52:38,41.34048442,-91.08684983,Female,"1,3L1,3R",Cinco,Found,Not Active,0,On Land,bnm,,,,
2501,tracked turtle,Terrapene ornata,Telemetry,4/22/21,11:40:31,41.34044129,-91.08688284,Female,"1,3L1,3R",Cinco,Found,Not Active,0,On Land,3in deep,,,,
2507,tracked turtle,Terrapene ornata,Telemetry,4/23/21,9:49:15,41.34051426,-91.08702368,Female,"1,3L1,3R",Cinco,Found,Not Active,0,On Land,1in deep loose sand,,,,
2514,tracked turtle,Terrapene ornata,Telemetry,4/24/21,9:35:06,41.34054202,-91.08706537,Female,"1,3L1,3R",Cinco,Found,Not Active,0,On Land,no movemnt,,,,
2521,tracked turtle,Terrapene ornata,Telemetry,4/25/21,9:58:42,41.34064352,-91.08691638,Female,"1,3L1,3R",Cinco,Found,Not Active,0,On Land,bnm,,,,
2529,tracked turtle,Terrapene ornata,Telemetry,4/26/21,10:34:47,41.34041859,-91.08702976,Female,"1,3L1,3R",Cinco,Found,Not Active,0,On Land,bnm,,,,
2541,tracked turtle,Terrapene ornata,Telemetry,4/27/21,10:52:36,41.34043924,-91.08729482,Female,"1,3L1,3R",Cinco,Found,Not Active,15,On Land,,,,,
2569,tracked turtle,Terrapene ornata,Telemetry,4/28/21,10:23:15,41.34044381,-91.08726462,Female,"1,3L1,3R",Cinco,Found,Not Active,0,On Land,buried,,,,
2585,tracked turtle,Terrapene ornata,Telemetry,4/29/21,9:54:09,41.34062399,-91.08765049,Female,"1,3L1,3R",Cinco,Found,Active,75,On Land,just coming out of form,,,,
2620,tracked turtle,Terrapene ornata,Telemetry,4/30/21,10:00:11,41.34076007,-91.08903585,Female,"1,3L1,3R",Cinco,Found,Not Active,75,On Land,,,,,
2638,tracked turtle,Terrapene ornata,Telemetry,5/1/21,9:50:40,41.34083436,-91.08972427,Female,"1,3L1,3R",Cinco,Found,Active,100,On Land,,,,,
2683,tracked turtle,Terrapene ornata,Telemetry,5/2/21,11:05:04,41.34110506,-91.090066,Female,"1,3L1,3R",Cinco,Found,Active,100,On Land,,,,,
2660,tracked turtle,Terrapene ornata,Telemetry,5/3/21,11:16:07,41.34082658,-91.08976975,Female,"1,3L1,3R",Cinco,Found,Active,100,On Land,,,,,
2711,tracked turtle,Terrapene ornata,Telemetry,5/4/21,12:07:21,41.34066269,-91.0895766,Female,"1,3L1,3R",Cinco,Found,Active,85,On Land,,,,,
2746,tracked turtle,Terrapene ornata,Telemetry,5/5/21,14:41:21,41.34072448,-91.08970571,Female,"1,3L1,3R",Cinco,Found,Not Active,5,On Land,,,,,
2759,tracked turtle,Terrapene ornata,Telemetry,5/6/21,12:53:55,41.34071521,-91.08975033,Female,"1,3L1,3R",Cinco,Found,Not Active,50,On Land,,,,,
2812,tracked turtle,Terrapene ornata,Telemetry,5/7/21,12:12:19,41.34088726,-91.08989506,Female,"1,3L1,3R",Cinco,Found,Active,100,On Land,,,,,
2832,tracked turtle,Terrapene ornata,Telemetry,5/8/21,12:22:20,41.34084259,-91.08945626,Female,"1,3L1,3R",Cinco,Found,Not Active,40,On Land,,,,,
2840,tracked turtle,Terrapene ornata,Telemetry,5/9/21,11:11:09,41.34079964,-91.08950418,Female,"1,3L1,3R",Cinco,Found,Not Active,0,On Land,,,,,
2861,tracked turtle,Terrapene ornata,Telemetry,5/10/21,10:54:55,41.34085903,-91.08940213,Female,"1,3L1,3R",Cinco,Found,Active,100,On Land,,,,,
2906,tracked turtle,Terrapene ornata,Telemetry,5/12/21,11:01:52,41.34086451,-91.08945152,Female,"1,3L1,3R",Cinco,Found,Active,50,On Land,,,,,
2893,tracked turtle,Terrapene ornata,Telemetry,5/13/21,11:34:42,41.34085092,-91.08944683,Female,"1,3L1,3R",Cinco,Found,Not Active,10,On Land,,,,,
2924,tracked turtle,Terrapene ornata,Telemetry,5/14/21,10:50:31,41.3408094,-91.08947581,Female,"1,3L1,3R",Cinco,Found,Not Active,25,On Land,,,,,
2954,tracked turtle,Terrapene ornata,Telemetry,5/16/21,11:42:13,41.34085266,-91.08940992,Female,"1,3L1,3R",Cinco,Found,Active,90,On Land,,,,,
3023,tracked turtle,Terrapene ornata,Telemetry,5/19/21,11:06:31,41.34104556,-91.08929943,Female,"1,3L1,3R",Cinco,Found,Active,100,On Land,,,,,
3088,tracked turtle,Terrapene ornata,Telemetry,5/20/21,13:11:56,41.34110378,-91.08971059,Female,"1,3L1,3R",Cinco,Found,Active,100,On Land,,,,,
3197,tracked turtle,Terrapene ornata,Telemetry,5/22/21,12:40:20,41.34086525,-91.09013189,Female,"1,3L1,3R",Cinco,Found,Active,100,On Land,,,,,Turtle sex!
3248,tracked turtle,Terrapene ornata,Telemetry,5/24/21,12:37:22,41.34111621,-91.08990811,Female,"1,3L1,3R",Cinco,Found,Active,100,On Land,,,,,
3352,tracked turtle,Terrapene ornata,Telemetry,5/26/21,13:33:41,41.34205175,-91.090396,Female,"1,3L1,3R",Cinco,Found,Not Active,20,On Land,,,,,
3388,tracked turtle,Terrapene ornata,Telemetry,5/29/21,12:59:34,41.34185448,-91.08970868,Female,"1,3L1,3R",Cinco,Found,Active,90,On Land,,,,,
3423,tracked turtle,Terrapene ornata,Telemetry,5/30/21,12:32:12,41.34190733,-91.0894263,Female,"1,3L1,3R",Cinco,Found,Active,100,On Land,,,,,
3455,tracked turtle,Terrapene ornata,Telemetry,6/1/21,11:27:28,41.34192577,-91.08954834,Female,"1,3L1,3R",Cinco,Found,Active,100,On Land,,,,,
3677,tracked turtle,Terrapene ornata,Telemetry,6/6/21,13:17:17,41.34088461,-91.08596667,Female,"1,3L1,3R",Cinco,Found,Not Active,0,On Land,,,,,
3706,tracked turtle,Terrapene ornata,Telemetry,6/7/21,12:54:11,41.34047272,-91.085201,Female,"1,3L1,3R",Cinco,Found,Not Active,0,On Land,,,,,
3745,tracked turtle,Terrapene ornata,Telemetry,6/8/21,11:30:46,41.34106778,-91.08442903,Female,"1,3L1,3R",Cinco,Found,Active,100,On Land,,,,,
3777,tracked turtle,Terrapene ornata,Telemetry,6/9/21,11:50:28,41.33814905,-91.08414927,Female,"1,3L1,3R",Cinco,Found,Active,100,On Land,,,,,
3816,tracked turtle,Terrapene ornata,Telemetry,6/11/21,12:02:57,41.33634993,-91.08355713,Female,"1,3L1,3R",Cinco,Found,Not Active,0,On Land,,,,,
3877,tracked turtle,Terrapene ornata,Telemetry,6/13/21,11:53:36,41.34070987,-91.08704443,Female,"1,3L1,3R",Cinco,Found,Not Active,0,On Land,,,,,
3910,tracked turtle,Terrapene ornata,Telemetry,6/14/21,9:51:44,41.34108168,-91.08870441,Female,"1,3L1,3R",Cinco,Not Found,Not Active,0,On Land,,,,,
4013,tracked turtle,Terrapene ornata,Telemetry,6/18/21,9:25:29,41.34110008,-91.0887114,Female,"1,3L1,3R",Cinco,Not Found,Not Active,0,On Land,,,,,
4087,tracked turtle,Terrapene ornata,Telemetry,6/23/21,9:38:56,41.34120692,-91.08889934,Female,"1,3L1,3R",Cinco,Found,Not Active,25,On Land,,,,,
4186,tracked turtle,Terrapene ornata,Telemetry,7/2/21,11:04:14,41.34122816,-91.08907096,Female,"1,3L1,3R",Cinco,Found,Not Active,0,On Land,,,,,deceased
2828,tracked turtle,Terrapene ornata,Telemetry,5/8/21,11:23:06,41.33352106,-91.08280439,Female,"1,9,11L",Siete,Found,Not Active,25,On Land,,,,,
2837,tracked turtle,Terrapene ornata,Telemetry,5/9/21,10:20:52,41.33352813,-91.08282499,Female,"1,9,11L",Siete,Found,Active,100,On Land,,,,,
2855,tracked turtle,Terrapene ornata,Telemetry,5/10/21,10:07:10,41.33352108,-91.08281781,Female,"1,9,11L",Siete,Found,Active,100,On Land,,,,,
2901,tracked turtle,Terrapene ornata,Telemetry,5/12/21,9:50:06,41.33349558,-91.08282372,Female,"1,9,11L",Siete,Found,Active,100,On Land,,,,,
2885,tracked turtle,Terrapene ornata,Telemetry,5/13/21,10:25:27,41.33356952,-91.08283334,Female,"1,9,11L",Siete,Found,Active,100,On Land,,,,,
2946,tracked turtle,Terrapene ornata,Telemetry,5/16/21,10:22:19,41.33351058,-91.08287443,Female,"1,9,11L",Siete,Found,Active,100,On Land,,,,,
3006,tracked turtle,Terrapene ornata,Telemetry,5/17/21,10:23:12,41.33355945,-91.0828104,Female,"1,9,11L",Siete,Found,Active,100,On Land,,,,,slightly different shrub
3019,tracked turtle,Terrapene ornata,Telemetry,5/19/21,10:25:01,41.33351476,-91.08282276,Female,"1,9,11L",Siete,Found,Active,100,On Land,,,,,
3071,tracked turtle,Terrapene ornata,Telemetry,5/20/21,10:56:30,41.33360553,-91.08254156,Female,"1,9,11L",Siete,Found,Active,90,On Land,,,,,hey look she moved a little
3128,tracked turtle,Terrapene ornata,Telemetry,5/21/21,10:56:47,41.33350161,-91.08288968,Female,"1,9,11L",Siete,Found,Active,90,On Land,,,,,
3203,tracked turtle,Terrapene ornata,Telemetry,5/23/21,9:55:03,41.33347705,-91.08288183,Female,"1,9,11L",Siete,Found,Active,90,On Land,,,,,
3306,tracked turtle,Terrapene ornata,Telemetry,5/25/21,10:57:47,41.33353523,-91.08265741,Female,"1,9,11L",Siete,Found,Active,100,"Lentic (river, creek)",,,,,
3381,tracked turtle,Terrapene ornata,Telemetry,5/29/21,10:52:25,41.33346583,-91.08289478,Female,"1,9,11L",Siete,Found,Active,100,On Land,,,,,
3429,tracked turtle,Terrapene ornata,Telemetry,5/31/21,10:43:52,41.33347762,-91.08293086,Female,"1,9,11L",Siete,Found,Active,100,On Land,,,,,
3500,tracked turtle,Terrapene ornata,Telemetry,6/2/21,11:20:45,41.33354508,-91.08281465,Female,"1,9,11L",Siete,Found,Active,0,On Land,,,,,
3537,tracked turtle,Terrapene ornata,Telemetry,6/3/21,14:37:48,41.33361352,-91.0827347,Female,"1,9,11L",Siete,Found,Not Active,10,On Land,,,,,
3668,tracked turtle,Terrapene ornata,Telemetry,6/6/21,11:09:55,41.33351252,-91.0837038,Female,"1,9,11L",Siete,Found,Not Active,0,On Land,,,,,
3702,tracked turtle,Terrapene ornata,Telemetry,6/7/21,11:47:24,41.33358906,-91.08472994,Female,"1,9,11L",Siete,Found,Active,0,On Land,,,,,
3743,tracked turtle,Terrapene ornata,Telemetry,6/8/21,10:40:07,41.3328303,-91.08462825,Female,"1,9,11L",Siete,Found,Not Active,20,On Land,,,,,
3755,tracked turtle,Terrapene ornata,Visual Encounter,6/9/21,7:49:14,41.33276551,-91.08473595,Female,"1,9,11L",Siete,Found,Active,100,On Land,,,,,
3824,tracked turtle,Terrapene ornata,Telemetry,6/11/21,9:26:00,41.33280073,-91.08458374,Female,"1,9,11L",Siete,Found,Not Active,0,On Land,,,,,
3846,tracked turtle,Terrapene ornata,Telemetry,6/12/21,10:25:58,41.33285324,-91.08475615,Female,"1,9,11L",Siete,Found,Active,100,On Land,,,,,Trying to get under the fence back into the preserve 
3881,tracked turtle,Terrapene ornata,Telemetry,6/13/21,9:48:30,41.33283088,-91.0845852,Female,"1,9,11L",Siete,Not Found,Not Active,0,On Land,,,,,
3980,tracked turtle,Terrapene ornata,Telemetry,6/17/21,9:54:36,41.33501403,-91.08072445,Female,"1,9,11L",Siete,Found,Active,100,On Land,,,,,
4080,tracked turtle,Terrapene ornata,Telemetry,6/23/21,8:45:32,41.33519422,-91.08052836,Female,"1,9,11L",Siete,Found,Not Active,0,On Land,,,,,
4175,tracked turtle,Terrapene ornata,Telemetry,7/2/21,10:00:47,41.33519468,-91.08073769,Female,"1,9,11L",Siete,Found,Not Active,95,On Land,,,,,
4344,tracked turtle,Terrapene ornata,Telemetry,7/12/21,10:56:02,41.33526413,-91.08050374,Female,"1,9,11L",Siete,Found,Active,50,On Land,,,,,
4529,tracked turtle,Terrapene ornata,Telemetry,7/20/21,10:12:08,41.33477,-91.080755,Female,"1,9,11L",Siete,Found,Active,25,On Land,,,,,
4554,tracked turtle,Terrapene ornata,Telemetry,7/27/21,9:28:16,41.33518227,-91.08042098,Female,"1,9,11L",Siete,Found,Not Active,0,On Land,,,,,
4581,tracked turtle,Terrapene ornata,Telemetry,8/4/21,12:42:49,41.33527672,-91.08056758,Female,"1,9,11L",Siete,Found,Active,0,On Land,,,,,was buried
4594,tracked turtle,Terrapene ornata,Telemetry,8/11/21,9:25:18,41.33518381,-91.08067372,Female,"1,9,11L",Siete,Found,Active,100,On Land,,,,,
4615,tracked turtle,Terrapene ornata,Telemetry,8/19/21,9:07:36,41.33480614,-91.08070677,Female,"1,9,11L",Siete,Found,Active,100,On Land,,,,,
4648,tracked turtle,Terrapene ornata,Telemetry,8/26/21,9:22:29,41.33520311,-91.08048289,Female,"1,9,11L",Siete,Found,Active,80,On Land,,,,,
4674,tracked turtle,Terrapene ornata,Telemetry,9/1/21,8:51:07,41.33489097,-91.08054911,Female,"1,9,11L",Siete,Found,Not Active,50,On Land,,,,,
4692,tracked turtle,Terrapene ornata,Telemetry,9/8/21,10:52:17,41.33430846,-91.08141236,Female,"1,9,11L",Siete,Found,Not Active,0,On Land,,,,,
4687,tracked turtle,Terrapene ornata,Telemetry,9/15/21,10:46:42,41.33381452,-91.08184663,Female,"1,9,11L",Siete,Found,Not Active,0,On Land,,,,,
4730,tracked turtle,Terrapene ornata,Telemetry,9/22/21,10:38:49,41.33380505,-91.08175585,Female,"1,9,11L",Siete,Found,Not Active,0,On Land,,,,,
4740,tracked turtle,Terrapene ornata,Telemetry,9/29/21,10:17:10,41.33374797,-91.08195433,Female,"1,9,11L",Siete,Not Found,Not Active,0,On Land,,,,,
4765,tracked turtle,Terrapene ornata,Telemetry,10/6/21,9:52:01,41.33376733,-91.08196146,Female,"1,9,11L",Siete,Not Found,Not Active,0,On Land,,,,,
4794,tracked turtle,Terrapene ornata,Telemetry,11/4/21,10:52:38,41.33373824,-91.0819131,Female,"1,9,11L",Siete,Not Found,Not Active,0,On Land,,,,,
4868,tracked turtle,Terrapene ornata,Telemetry,5/12/22,11:09:02,41.33407382,-91.08048491,Female,"1,9,11L",Siete,Found,Not Active,0,On Land,,,,,removed transmitter
4881,tracked turtle,Terrapene ornata,Telemetry,5/12/22,11:17:19,41.33411166,-91.08087919,Female,"1,9,11L",Siete,Found,Not Active,5,On Land,,,,,removed datalogger and tranmsitter
2488,tracked turtle,Terrapene ornata,Telemetry,4/20/21,11:22:09,41.34038752,-91.08680481,Female,"12L2,9,10R",Sies,Found,Not Active,0,On Land,1in below surface,,,,
2493,tracked turtle,Terrapene ornata,Telemetry,4/21/21,10:51:27,41.34030821,-91.08684739,Female,"12L2,9,10R",Sies,Found,Not Active,0,On Land,bnm,,,,
2500,tracked turtle,Terrapene ornata,Telemetry,4/22/21,11:38:50,41.34035057,-91.08683742,Female,"12L2,9,10R",Sies,Found,Not Active,0,On Land,2in deep,,,,
2508,tracked turtle,Terrapene ornata,Telemetry,4/23/21,9:54:44,41.34072061,-91.08697794,Female,"12L2,9,10R",Sies,Found,Not Active,0,On Land,2in deep,,,,
2513,tracked turtle,Terrapene ornata,Telemetry,4/24/21,9:33:29,41.34058446,-91.08701771,Female,"12L2,9,10R",Sies,Found,Not Active,0,On Land,no movent,,,,
2520,tracked turtle,Terrapene ornata,Telemetry,4/25/21,9:57:44,41.34069027,-91.08688483,Female,"12L2,9,10R",Sies,Found,Not Active,0,On Land,bnm,,,,
2528,tracked turtle,Terrapene ornata,Telemetry,4/26/21,10:32:44,41.34092409,-91.08747375,Female,"12L2,9,10R",Sies,Found,Not Active,30,On Land,,,,,
2540,tracked turtle,Terrapene ornata,Telemetry,4/27/21,10:49:06,41.34116363,-91.08798822,Female,"12L2,9,10R",Sies,Found,Not Active,5,On Land,in form,,,,
2568,tracked turtle,Terrapene ornata,Telemetry,4/28/21,10:19:11,41.3410376,-91.08834069,Female,"12L2,9,10R",Sies,Found,Active,100,On Land,,,,,
2584,tracked turtle,Terrapene ornata,Telemetry,4/29/21,9:49:37,41.3412514,-91.08940285,Female,"12L2,9,10R",Sies,Found,Not Active,100,On Land,,,,,
2621,tracked turtle,Terrapene ornata,Telemetry,4/30/21,10:02:09,41.34143784,-91.0892759,Female,"12L2,9,10R",Sies,Found,Active,100,On Land,,,,,
2639,tracked turtle,Terrapene ornata,Telemetry,5/1/21,10:02:30,41.34142214,-91.0894087,Female,"12L2,9,10R",Sies,Found,Active,100,On Land,,,,,
2661,tracked turtle,Terrapene ornata,Telemetry,5/3/21,11:43:49,41.34474079,-91.09322151,Female,"12L2,9,10R",Sies,Found,Active,100,On Land,,,,,
2698,tracked turtle,Terrapene ornata,Telemetry,5/4/21,10:19:43,41.34482679,-91.09343792,Female,"12L2,9,10R",Sies,Found,Not Active,90,On Land,,,,,
2747,tracked turtle,Terrapene ornata,Telemetry,5/5/21,15:27:30,41.34511721,-91.09412346,Female,"12L2,9,10R",Sies,Found,Active,100,On Land,,,,,
2748,tracked turtle,Terrapene ornata,Telemetry,5/6/21,8:00:26,41.34513429,-91.09413423,Female,"12L2,9,10R",Sies,Found,Not Active,25,On Land,,,,,
2813,tracked turtle,Terrapene ornata,Telemetry,5/7/21,12:41:48,41.34562381,-91.09339355,Female,"12L2,9,10R",Sies,Found,Not Active,0,On Land,,,,,
2834,tracked turtle,Terrapene ornata,Telemetry,5/8/21,13:06:14,41.34591109,-91.0934232,Female,"12L2,9,10R",Sies,Found,Not Active,25,On Land,,,,,
2842,tracked turtle,Terrapene ornata,Telemetry,5/9/21,11:57:17,41.34587154,-91.09344532,Female,"12L2,9,10R",Sies,Found,Not Active,5,On Land,,,,,
2864,tracked turtle,Terrapene ornata,Telemetry,5/10/21,11:42:58,41.34586307,-91.09343671,Female,"12L2,9,10R",Sies,Found,Not Active,0,On Land,,,,,
2909,tracked turtle,Terrapene ornata,Telemetry,5/12/21,11:33:05,41.34688174,-91.09432253,Female,"12L2,9,10R",Sies,Found,Not Active,0,On Land,,,,,
2895,tracked turtle,Terrapene ornata,Telemetry,5/13/21,12:07:50,41.34734698,-91.0956942,Female,"12L2,9,10R",Sies,Found,Not Active,0,On Land,,,,,
2927,tracked turtle,Terrapene ornata,Telemetry,5/14/21,11:25:21,41.34737184,-91.09586619,Female,"12L2,9,10R",Sies,Found,Not Active,0,On Land,,,,,
2978,tracked turtle,Terrapene ornata,Telemetry,5/16/21,12:14:45,41.34766557,-91.09601799,Female,"12L2,9,10R",Sies,Found,Active,100,On Land,,,,,
3060,tracked turtle,Terrapene ornata,Telemetry,5/19/21,12:41:52,41.34716174,-91.09534325,Female,"12L2,9,10R",Sies,Found,Active,100,On Land,,,,,
3091,tracked turtle,Terrapene ornata,Telemetry,5/20/21,13:28:45,41.34713754,-91.09537651,Female,"12L2,9,10R",Sies,Found,Active,100,On Land,,,,,
3249,tracked turtle,Terrapene ornata,Telemetry,5/24/21,12:56:21,41.34736995,-91.09575893,Female,"12L2,9,10R",Sies,Found,Not Active,0,On Land,under grass,,,,
3355,tracked turtle,Terrapene ornata,Telemetry,5/26/21,14:46:34,41.34703404,-91.09542095,Female,"12L2,9,10R",Sies,Found,Not Active,0,On Land,,,,,
3390,tracked turtle,Terrapene ornata,Telemetry,5/29/21,13:35:55,41.34753427,-91.09554433,Female,"12L2,9,10R",Sies,Found,Active,100,"Lentic (river, creek)",,,,,
3488,tracked turtle,Terrapene ornata,Telemetry,6/2/21,13:12:01,41.34762049,-91.09576089,Female,"12L2,9,10R",Sies,Found,Not Active,0,On Land,,,,,
3587,tracked turtle,Terrapene ornata,Telemetry,6/4/21,14:49:41,41.34763364,-91.09570055,Female,"12L2,9,10R",Sies,Found,Not Active,0,"Lentic (river, creek)",,,,,
3678,tracked turtle,Terrapene ornata,Telemetry,6/6/21,13:32:23,41.34749299,-91.09575095,Female,"12L2,9,10R",Sies,Found,Not Active,0,On Land,,,,,
3710,tracked turtle,Terrapene ornata,Telemetry,6/7/21,13:43:28,41.34752175,-91.09565309,Female,"12L2,9,10R",Sies,Not Found,Not Active,0,On Land,,,,,
3775,tracked turtle,Terrapene ornata,Telemetry,6/9/21,11:16:04,41.34584743,-91.09489228,Female,"12L2,9,10R",Sies,Found,Not Active,15,On Land,,,,,
3814,tracked turtle,Terrapene ornata,Telemetry,6/11/21,10:39:50,41.34493011,-91.0934679,Female,"12L2,9,10R",Sies,Found,Not Active,5,On Land,,,,,
3875,tracked turtle,Terrapene ornata,Telemetry,6/13/21,11:08:09,41.34481192,-91.09251432,Female,"12L2,9,10R",Sies,Found,Not Active,0,On Land,,,,,
4022,tracked turtle,Terrapene ornata,Telemetry,6/18/21,10:31:25,41.34622146,-91.09522833,Female,"12L2,9,10R",Sies,Found,Active,100,On Land,,,,,
4098,tracked turtle,Terrapene ornata,Telemetry,6/23/21,11:10:59,41.34164831,-91.08971882,Female,"12L2,9,10R",Sies,Found,Active,50,On Land,,,,,
4187,tracked turtle,Terrapene ornata,Telemetry,7/2/21,11:15:28,41.34122216,-91.08956682,Female,"12L2,9,10R",Sies,Found,Active,0,On Land,,,,,
4357,tracked turtle,Terrapene ornata,Telemetry,7/12/21,12:16:10,41.34180727,-91.08928316,Female,"12L2,9,10R",Sies,Found,Active,50,On Land,,,,,was covered by grass before i tampled it down
4547,tracked turtle,Terrapene ornata,Telemetry,7/21/21,14:51:28,41.34264277,-91.09059563,Female,"12L2,9,10R",Sies,Found,Not Active,0,On Land,,,,,
4574,tracked turtle,Terrapene ornata,Telemetry,8/4/21,10:21:42,41.34317286,-91.09087562,Female,"12L2,9,10R",Sies,Found,Active,50,On Land,,,,,
4602,tracked turtle,Terrapene ornata,Telemetry,8/11/21,9:57:45,41.34312471,-91.09087065,Female,"12L2,9,10R",Sies,Not Found,Not Active,0,On Land,,,,,very tall grass
4629,tracked turtle,Terrapene ornata,Telemetry,8/19/21,9:48:32,41.34313819,-91.09087832,Female,"12L2,9,10R",Sies,Not Found,Not Active,0,On Land,,,,,
4643,tracked turtle,Terrapene ornata,Telemetry,8/26/21,10:01:26,41.34134839,-91.08695524,Female,"12L2,9,10R",Sies,Found,Active,90,On Land,,,,,
4666,tracked turtle,Terrapene ornata,Telemetry,9/1/21,9:28:39,41.34125238,-91.08697771,Female,"12L2,9,10R",Sies,Found,Not Active,5,On Land,,,,,
4695,tracked turtle,Terrapene ornata,Telemetry,9/8/21,12:16:57,41.34082585,-91.08701778,Female,"12L2,9,10R",Sies,Found,Active,5,On Land,,,,,
4711,tracked turtle,Terrapene ornata,Telemetry,9/15/21,11:16:57,41.34089504,-91.08701362,Female,"12L2,9,10R",Sies,Not Found,Not Active,0,On Land,,,,,
4722,tracked turtle,Terrapene ornata,Telemetry,9/22/21,11:19:17,41.3406442,-91.0876024,Female,"12L2,9,10R",Sies,Found,Active,100,On Land,,,,,
4752,tracked turtle,Terrapene ornata,Telemetry,9/29/21,10:54:55,41.34057763,-91.08746103,Female,"12L2,9,10R",Sies,Found,Not Active,0,On Land,,,,,
4770,tracked turtle,Terrapene ornata,Telemetry,10/6/21,10:13:18,41.34037214,-91.08674484,Female,"12L2,9,10R",Sies,Not Found,Not Active,0,On Land,,,,,
4795,tracked turtle,Terrapene ornata,Telemetry,11/4/21,11:22:40,41.34031716,-91.08687862,Female,"12L2,9,10R",Sies,Not Found,Not Active,0,On Land,,,,,
4804,tracked turtle,Terrapene ornata,Telemetry,4/19/22,10:38:52,41.34035926,-91.08685743,Female,"12L2,9,10R",Sies,Not Found,Not Active,0,On Land,,,,,still buried
4822,tracked turtle,Terrapene ornata,Telemetry,4/30/22,11:45:09,41.34041524,-91.08684885,Female,"12L2,9,10R",Sies,Not Found,Not Active,0,On Land,,,,,
4900,tracked turtle,Terrapene ornata,Telemetry,5/15/22,15:21:39,41.34273249,-91.09038252,Female,"12L2,9,10R",Sies,Found,Active,100,On Land,,,,,
2848,tracked turtle,Terrapene ornata,Telemetry,5/9/21,11:16:46,41.34088134,-91.08968253,Male,"2,9L10R",Nueve,Found,Active,100,On Land,,,,,
2862,tracked turtle,Terrapene ornata,Telemetry,5/10/21,10:55:38,41.34083249,-91.0901199,Male,"2,9L10R",Nueve,Found,Active,100,On Land,,,,,
2907,tracked turtle,Terrapene ornata,Telemetry,5/12/21,11:04:03,41.34083879,-91.08995812,Male,"2,9L10R",Nueve,Found,Active,100,On Land,,,,,
2894,tracked turtle,Terrapene ornata,Telemetry,5/13/21,11:37:39,41.34099249,-91.08969703,Male,"2,9L10R",Nueve,Found,Not Active,50,On Land,,,,,
2925,tracked turtle,Terrapene ornata,Telemetry,5/14/21,10:56:05,41.34110683,-91.0898769,Male,"2,9L10R",Nueve,Found,Active,50,On Land,,,,,
2955,tracked turtle,Terrapene ornata,Telemetry,5/16/21,11:42:45,41.34124808,-91.09036572,Male,"2,9L10R",Nueve,Found,Active,50,On Land,,,,,exposure based on before grass got pushed down
3022,tracked turtle,Terrapene ornata,Telemetry,5/19/21,11:04:13,41.34084462,-91.08993878,Male,"2,9L10R",Nueve,Found,Active,100,On Land,,,,,
3116,tracked turtle,Terrapene ornata,Telemetry,5/20/21,13:15:42,41.34076563,-91.08996986,Male,"2,9L10R",Nueve,Found,Active,100,On Land,,,,,
3273,tracked turtle,Terrapene ornata,Telemetry,5/24/21,12:39:45,41.34081047,-91.09008889,Male,"2,9L10R",Nueve,Found,Active,80,On Land,,,,,
3335,tracked turtle,Terrapene ornata,Telemetry,5/26/21,14:55:31,41.34122184,-91.09087659,Male,"2,9L10R",Nueve,Found,Not Active,0,On Land,,,,,under log
3389,tracked turtle,Terrapene ornata,Telemetry,5/29/21,13:12:20,41.34096391,-91.09016357,Male,"2,9L10R",Nueve,Found,Active,100,On Land,,,,,
3465,tracked turtle,Terrapene ornata,Telemetry,6/1/21,11:34:03,41.34068862,-91.08951009,Male,"2,9L10R",Nueve,Found,Active,100,On Land,,,,,in Rakin trap
3508,tracked turtle,Terrapene ornata,Telemetry,6/2/21,12:46:01,41.34121867,-91.09076112,Male,"2,9L10R",Nueve,Found,Not Active,0,On Land,,,,,
3540,tracked turtle,Terrapene ornata,Telemetry,6/3/21,15:38:46,41.3408393,-91.08998009,Male,"2,9L10R",Nueve,Found,Active,80,On Land,,,,,Nuevo
3909,tracked turtle,Terrapene ornata,Telemetry,6/14/21,9:46:40,41.34069954,-91.09005002,Male,"2,9L10R",Nueve,Found,Active,90,On Land,,,,,
4014,tracked turtle,Terrapene ornata,Telemetry,6/18/21,9:29:34,41.34085521,-91.08997351,Male,"2,9L10R",Nueve,Found,Not Active,30,On Land,,,,,
4088,tracked turtle,Terrapene ornata,Telemetry,6/23/21,9:43:17,41.34087315,-91.08985782,Male,"2,9L10R",Nueve,Not Found,Not Active,0,On Land,,,,,
4188,tracked turtle,Terrapene ornata,Telemetry,7/2/21,11:17:41,41.34085167,-91.09001506,Male,"2,9L10R",Nueve,Found,Not Active,25,On Land,,,,,
4359,tracked turtle,Terrapene ornata,Telemetry,7/12/21,12:24:20,41.3410328,-91.08969798,Male,"2,9L10R",Nueve,Found,Not Active,0,On Land,,,,,
4540,tracked turtle,Terrapene ornata,Telemetry,7/21/21,14:33:02,41.34078474,-91.08993401,Male,"2,9L10R",Nueve,Found,Not Active,0,On Land,downloaded datalogger,,,,"downloaded data logger
"
4572,tracked turtle,Terrapene ornata,Telemetry,8/4/21,9:41:07,41.34075663,-91.08986372,Male,"2,9L10R",Nueve,Found,Not Active,0,On Land,,,,,
4611,tracked turtle,Terrapene ornata,Telemetry,8/11/21,9:58:18,41.34078076,-91.08984984,Male,"2,9L10R",Nueve,Found,Not Active,10,On Land,,,,,
4617,tracked turtle,Terrapene ornata,Telemetry,8/19/21,9:47:27,41.34081073,-91.08974674,Male,"2,9L10R",Nueve,Found,Not Active,0,On Land,,,,,
4651,tracked turtle,Terrapene ornata,Telemetry,8/26/21,9:59:09,41.34101332,-91.09011319,Male,"2,9L10R",Nueve,Found,Active,100,On Land,,,,,Right next to another ornate on the other side of the log
4676,tracked turtle,Terrapene ornata,Telemetry,9/1/21,9:26:36,41.34086278,-91.08981094,Male,"2,9L10R",Nueve,Found,Active,100,On Land,,,,,
4683,tracked turtle,Terrapene ornata,Telemetry,9/8/21,11:56:12,41.3408272,-91.08965906,Male,"2,9L10R",Nueve,Found,Active,50,On Land,,,,,
4688,tracked turtle,Terrapene ornata,Telemetry,9/15/21,11:13:59,41.34076291,-91.08976878,Male,"2,9L10R",Nueve,Found,Not Active,0,On Land,,,,,
4725,tracked turtle,Terrapene ornata,Telemetry,9/22/21,11:31:16,41.34078458,-91.08955135,Male,"2,9L10R",Nueve,Found,Active,100,On Land,,,,,
4755,tracked turtle,Terrapene ornata,Telemetry,9/29/21,11:03:27,41.3406949,-91.08838266,Male,"2,9L10R",Nueve,Found,Active,50,On Land,,,,,
4772,tracked turtle,Terrapene ornata,Telemetry,10/6/21,10:23:48,41.34055629,-91.08757826,Male,"2,9L10R",Nueve,Found,Active,100,On Land,,,,,
4786,tracked turtle,Terrapene ornata,Telemetry,11/4/21,11:29:45,41.34077108,-91.08555278,Male,"2,9L10R",Nueve,Found,Not Active,0,On Land,,,,,
4802,tracked turtle,Terrapene ornata,Telemetry,4/19/22,10:30:16,41.34083989,-91.0856713,Male,"2,9L10R",Nueve,Not Found,Not Active,0,On Land,,,,,still buried
4836,tracked turtle,Terrapene ornata,Telemetry,4/30/22,13:07:51,41.34072819,-91.08902312,Male,"2,9L10R",Nueve,Found,Active,100,On Land,,,,,
2530,tracked turtle,Terrapene ornata,On The Fence,4/26/21,10:43:28,41.340365,-91.087378,Male,"3,11L1,11R",Dos,Found,Active,100,On Land,,,,,315.7g with transmitter
2543,tracked turtle,Terrapene ornata,Telemetry,4/27/21,12:22:07,41.34036065,-91.08857024,Male,"3,11L1,11R",Dos,Found,Active,50,On Land,passing through cedar tree,,,,
2544,tracked turtle,Terrapene ornata,Other,4/27/21,9:30:00,41.340365,-91.087378,Male,"3,11L1,11R",Dos,Found,Active,100,On Land,,,,,Released after affixing transmitter.
2560,tracked turtle,Terrapene ornata,Telemetry,4/28/21,9:05:55,41.34041172,-91.08845216,Male,"3,11L1,11R",Dos,Found,Not Active,80,On Land,hidden slightly by cedar branches.  Same location as last record yesterday.,,,,
2581,tracked turtle,Terrapene ornata,Telemetry,4/29/21,8:46:44,41.34042981,-91.08890421,Male,"3,11L1,11R",Dos,Found,Not Active,0,On Land,,,,,exposed once you get under the tree.
2616,tracked turtle,Terrapene ornata,Telemetry,4/30/21,9:09:06,41.33997543,-91.09108936,Male,"3,11L1,11R",Dos,Found,Not Active,0,On Land,,,,,
2635,tracked turtle,Terrapene ornata,Telemetry,5/1/21,8:53:18,41.3400618,-91.09103923,Male,"3,11L1,11R",Dos,Found,Not Active,20,On Land,,,,,
2664,tracked turtle,Terrapene ornata,Telemetry,5/2/21,8:48:19,41.34031582,-91.09285072,Male,"3,11L1,11R",Dos,Found,Not Active,10,On Land,,,,,
2697,tracked turtle,Terrapene ornata,Telemetry,5/4/21,9:54:23,41.34025869,-91.09306424,Male,"3,11L1,11R",Dos,Found,Not Active,0,On Land,in form under cedar tree,,,,
2742,tracked turtle,Terrapene ornata,Telemetry,5/5/21,9:47:04,41.34016167,-91.09298143,Male,"3,11L1,11R",Dos,Found,Not Active,0,On Land,,,,,
2749,tracked turtle,Terrapene ornata,Telemetry,5/6/21,8:41:39,41.34021779,-91.09301394,Male,"3,11L1,11R",Dos,Found,Not Active,0,On Land,,,,,
2807,tracked turtle,Terrapene ornata,Telemetry,5/7/21,8:50:56,41.34025468,-91.09307268,Male,"3,11L1,11R",Dos,Found,Not Active,0,On Land,,,,,
2825,tracked turtle,Terrapene ornata,Telemetry,5/8/21,9:17:28,41.3402347,-91.09296241,Male,"3,11L1,11R",Dos,Found,Not Active,0,On Land,,,,,
2835,tracked turtle,Terrapene ornata,Telemetry,5/9/21,8:45:28,41.3402271,-91.09296553,Male,"3,11L1,11R",Dos,Found,Not Active,0,On Land,,,,,
2852,tracked turtle,Terrapene ornata,Telemetry,5/10/21,8:52:14,41.34029255,-91.09297947,Male,"3,11L1,11R",Dos,Found,Not Active,0,On Land,,,,,
2872,tracked turtle,Terrapene ornata,Visual Encounter,5/11/21,8:22:20,41.34023866,-91.09297721,Male,"3,11L1,11R",Dos,Found,Not Active,0,On Land,,,,,
2897,tracked turtle,Terrapene ornata,Visual Encounter,5/12/21,8:53:08,41.34022433,-91.09296903,Male,"3,11L1,11R",Dos,Found,Not Active,0,On Land,,,,,
2878,tracked turtle,Terrapene ornata,Telemetry,5/13/21,8:53:18,41.34029067,-91.09293412,Male,"3,11L1,11R",Dos,Found,Not Active,0,On Land,,,,,
2910,tracked turtle,Terrapene ornata,Visual Encounter,5/14/21,8:27:23,41.34024087,-91.09291911,Male,"3,11L1,11R",Dos,Found,Not Active,0,On Land,,,,,
2941,tracked turtle,Terrapene ornata,Telemetry,5/16/21,8:48:42,41.34017214,-91.09296165,Male,"3,11L1,11R",Dos,Found,Active,0,On Land,,,,,moved to other tree in pair.
3061,tracked turtle,Terrapene ornata,Telemetry,5/20/21,8:47:22,41.34034052,-91.09030985,Male,"3,11L1,11R",Dos,Found,Active,80,On Land,,,,,
3119,tracked turtle,Terrapene ornata,Telemetry,5/21/21,8:46:55,41.33990017,-91.09230709,Male,"3,11L1,11R",Dos,Found,Active,60,On Land,in cedar trees,,,,
3166,tracked turtle,Terrapene ornata,Telemetry,5/22/21,8:59:11,41.34017456,-91.09311891,Male,"3,11L1,11R",Dos,Found,Active,100,On Land,,,,,just starting to dominate a female
3226,tracked turtle,Terrapene ornata,Telemetry,5/24/21,8:43:31,41.34020889,-91.09294745,Male,"3,11L1,11R",Dos,Found,Active,100,On Land,,,,,
3317,tracked turtle,Terrapene ornata,Telemetry,5/26/21,8:45:57,41.34017344,-91.0951544,Male,"3,11L1,11R",Dos,Found,Active,100,On Land,,,,,
3392,tracked turtle,Terrapene ornata,Telemetry,5/29/21,8:44:09,41.34026535,-91.09491343,Male,"3,11L1,11R",Dos,Found,Active,100,On Land,,,,,
3424,tracked turtle,Terrapene ornata,Telemetry,5/31/21,8:56:51,41.34017047,-91.09449355,Male,"3,11L1,11R",Dos,Found,Active,100,On Land,,,,,
3467,tracked turtle,Terrapene ornata,Telemetry,6/2/21,8:51:00,41.3402057,-91.09517322,Male,"3,11L1,11R",Dos,Found,Active,100,On Land,,,,,
3541,tracked turtle,Terrapene ornata,Telemetry,6/3/21,8:43:49,41.34017717,-91.09452455,Male,"3,11L1,11R",Dos,Found,Active,95,On Land,,,,,
3937,tracked turtle,Terrapene ornata,Telemetry,6/14/21,10:56:00,41.34019533,-91.09389829,Male,"3,11L1,11R",Dos,Found,Not Active,10,On Land,,,,,
4023,tracked turtle,Terrapene ornata,Telemetry,6/18/21,10:54:52,41.34022636,-91.09392076,Male,"3,11L1,11R",Dos,Found,Not Active,0,On Land,,,,,
4193,tracked turtle,Terrapene ornata,Telemetry,7/2/21,12:51:02,41.34411027,-91.09420016,Male,"3,11L1,11R",Dos,Found,Active,100,On Land,corn field,,,,
4247,tracked turtle,Terrapene ornata,Telemetry,7/4/21,9:09:57,41.34454831,-91.09435606,Male,"3,11L1,11R",Dos,Found,Active,100,On Land,,,,,
4337,tracked turtle,Terrapene ornata,Telemetry,7/12/21,9:46:27,41.34462657,-91.09494085,Male,"3,11L1,11R",Dos,Found,Active,100,On Land,,,,,
4440,tracked turtle,Terrapene ornata,Telemetry,7/16/21,13:00:32,41.34384645,-91.09695302,Male,"3,11L1,11R",Dos,Found,Not Active,100,On Land,,,,,
4545,tracked turtle,Terrapene ornata,Telemetry,7/21/21,14:05:10,41.34480334,-91.09513773,Male,"3,11L1,11R",Dos,Found,Active,0,On Land,,,,,
4606,tracked turtle,Terrapene ornata,Telemetry,8/4/21,10:30:00,41.343433,-91.095172,Male,"3,11L1,11R",Dos,Not Found,Not Active,0,On Land,,,,,"Never found him because the irrigators turned on and got the box wet.  Gain was very very low, and signal was very strong around this point."
4603,tracked turtle,Terrapene ornata,Telemetry,8/11/21,10:15:50,41.34446267,-91.09497492,Male,"3,11L1,11R",Dos,Found,Active,100,On Land,,,,,
4652,tracked turtle,Terrapene ornata,Telemetry,8/26/21,10:14:33,41.34446029,-91.09537904,Male,"3,11L1,11R",Dos,Found,Active,100,On Land,,,,,
4677,tracked turtle,Terrapene ornata,Telemetry,9/1/21,9:41:47,41.34472692,-91.09510127,Male,"3,11L1,11R",Dos,Found,Active,60,On Land,,,,,
4697,tracked turtle,Terrapene ornata,Telemetry,9/8/21,12:36:12,41.34297974,-91.09209261,Male,"3,11L1,11R",Dos,Found,Active,0,On Land,,,,,
4689,tracked turtle,Terrapene ornata,Telemetry,9/15/21,11:30:41,41.34224319,-91.09311819,Male,"3,11L1,11R",Dos,Found,Active,50,On Land,,,,,
4734,tracked turtle,Terrapene ornata,Telemetry,9/22/21,12:25:48,41.34015023,-91.09252626,Male,"3,11L1,11R",Dos,Found,Not Active,0,On Land,,,,,
4751,tracked turtle,Terrapene ornata,Telemetry,9/29/21,10:50:11,41.34030507,-91.08679783,Male,"3,11L1,11R",Dos,Not Found,Not Active,0,On Land,,,,,
4769,tracked turtle,Terrapene ornata,Telemetry,10/6/21,10:11:52,41.34057126,-91.08673202,Male,"3,11L1,11R",Dos,Not Found,Not Active,0,On Land,,,,,
4792,tracked turtle,Terrapene ornata,Telemetry,11/4/21,12:35:02,41.34044449,-91.08677336,Male,"3,11L1,11R",Dos,Not Found,Not Active,0,On Land,,,,,
4805,tracked turtle,Terrapene ornata,Telemetry,4/19/22,10:40:19,41.34040728,-91.0868328,Male,"3,11L1,11R",Dos,Not Found,Not Active,0,On Land,,,,,still buried
4819,tracked turtle,Terrapene ornata,Visual Encounter,4/30/22,11:25:31,41.34045849,-91.08677033,Male,"3,11L1,11R",Dos,Found,Not Active,10,On Land,,,,,
5018,tracked turtle,Terrapene ornata,Telemetry,5/19/22,17:30:49,41.3401355,-91.09511768,Male,"3,11L1,11R",Dos,Found,Not Active,80,On Land,,,,,
5046,tracked turtle,Terrapene ornata,Telemetry,5/24/22,12:08:03,41.34023022,-91.09082463,Male,"3,11L1,11R",Dos,Found,Active,100,On Land,,,,,walking east on top of mud turtle ridge
5096,tracked turtle,Terrapene ornata,Telemetry,5/27/22,13:57:38,41.34012776,-91.09452911,Male,"3,11L1,11R",Dos,Found,Active,100,On Land,,,,,
5149,tracked turtle,Terrapene ornata,Telemetry,6/1/22,12:37:46,41.3448924,-91.09400465,Male,"3,11L1,11R",Dos,Found,Active,100,On Land,,,,,
5182,tracked turtle,Terrapene ornata,Telemetry,6/2/22,14:09:16,41.34515214,-91.09410468,Male,"3,11L1,11R",Dos,Found,Active,100,On Land,,,,,
5220,tracked turtle,Terrapene ornata,Telemetry,6/4/22,11:47:29,41.34481365,-91.09466982,Male,"3,11L1,11R",Dos,Found,Active,100,On Land,,,,,
5252,tracked turtle,Terrapene ornata,Telemetry,6/6/22,12:06:33,41.34501534,-91.09400081,Male,"3,11L1,11R",Dos,Found,Active,100,"Lentic (river, creek)",,,,,
5576,tracked turtle,Terrapene ornata,Telemetry,6/26/22,12:38:12,41.34498799,-91.09405309,Male,"3,11L1,11R",Dos,Found,Not Active,40,On Land,,,,,
5590,tracked turtle,Terrapene ornata,Telemetry,6/30/22,8:24:33,41.34491309,-91.09367242,Male,"3,11L1,11R",Dos,Found,Active,100,On Land,,,,,
5741,tracked turtle,Terrapene ornata,Telemetry,7/22/22,13:05:54,41.34238721,-91.09234217,Male,"3,11L1,11R",Dos,Not Found,Not Active,0,On Land,,,,,receiver at strongest beep
5755,tracked turtle,Terrapene ornata,Telemetry,7/28/22,12:44:13,41.34499341,-91.09412357,Male,"3,11L1,11R",Dos,Found,Not Active,20,On Land,,,,,
5771,tracked turtle,Terrapene ornata,Telemetry,8/4/22,12:02:08,41.34061404,-91.09369742,Male,"3,11L1,11R",Dos,Not Found,Not Active,0,On Land,,,,,point needs to be moved.  actual location is power plant field where he was earlier in the year
5787,tracked turtle,Terrapene ornata,Telemetry,8/11/22,10:36:18,41.34021409,-91.09358298,Male,"3,11L1,11R",Dos,Found,Active,100,On Land,,,,,
5795,tracked turtle,Terrapene ornata,Telemetry,9/1/22,12:18:03,41.34428528,-91.09414472,Male,"3,11L1,11R",Dos,Found,Active,100,On Land,,,,,
5813,tracked turtle,Terrapene ornata,Telemetry,9/7/22,12:33:01,41.34297808,-91.09300527,Male,"3,11L1,11R",Dos,Found,Active,0,On Land,,,,,
5852,tracked turtle,Terrapene ornata,Telemetry,9/15/22,15:26:14,41.34376833,-91.09570516,Male,"3,11L1,11R",Dos,Found,Active,0,On Land,,,,,
5907,tracked turtle,Terrapene ornata,Telemetry,10/5/22,12:48:23,41.34030281,-91.08709225,Male,"3,11L1,11R",Dos,Found,Active,100,On Land,,,,,
2486,tracked turtle,Terrapene ornata,Telemetry,4/20/21,11:08:25,41.34092849,-91.08497426,Female,"3,11L1,8R",Cuatro,Found,Not Active,0,On Land,,,,,opposite of bunch grass from flag
2496,tracked turtle,Terrapene ornata,Telemetry,4/21/21,11:09:16,41.34078679,-91.0849465,Female,"3,11L1,8R",Cuatro,Found,Not Active,0,On Land,bnm,,,,
2503,tracked turtle,Terrapene ornata,Telemetry,4/22/21,11:48:10,41.34088145,-91.08497233,Female,"3,11L1,8R",Cuatro,Found,Not Active,0,On Land,a little bit more out of the sand than yesterday,,,,
2509,tracked turtle,Terrapene ornata,Telemetry,4/23/21,10:01:22,41.34086214,-91.08496695,Female,"3,11L1,8R",Cuatro,Found,Not Active,0,On Land,"exposed at sirface, but under bunch grass",,,,
2515,tracked turtle,Terrapene ornata,Telemetry,4/24/21,10:24:29,41.34084443,-91.08496977,Female,"3,11L1,8R",Cuatro,Found,Not Active,0,On Land,no movement,,,,
2522,tracked turtle,Terrapene ornata,Telemetry,4/25/21,10:58:48,41.3407985,-91.08500954,Female,"3,11L1,8R",Cuatro,Found,Not Active,10,On Land,,,,,
2531,tracked turtle,Terrapene ornata,Telemetry,4/26/21,10:49:55,41.34079144,-91.08487768,Female,"3,11L1,8R",Cuatro,Found,Not Active,5,On Land,,,,,
2545,tracked turtle,Terrapene ornata,Telemetry,4/27/21,11:06:01,41.34083688,-91.08495086,Female,"3,11L1,8R",Cuatro,Found,Active,85,On Land,,,,,
2571,tracked turtle,Terrapene ornata,Telemetry,4/28/21,10:36:30,41.34078522,-91.08501302,Female,"3,11L1,8R",Cuatro,Found,Active,100,On Land,,,,,
2589,tracked turtle,Terrapene ornata,Telemetry,4/29/21,10:25:39,41.34091347,-91.08467002,Female,"3,11L1,8R",Cuatro,Found,Active,15,On Land,starting to come out,,,,
2622,tracked turtle,Terrapene ornata,Telemetry,4/30/21,10:28:04,41.34087303,-91.08460413,Female,"3,11L1,8R",Cuatro,Found,Not Active,50,On Land,,,,,
2649,tracked turtle,Terrapene ornata,Telemetry,5/1/21,11:47:03,41.34093298,-91.0846326,Female,"3,11L1,8R",Cuatro,Found,Not Active,40,On Land,,,,,
2675,tracked turtle,Terrapene ornata,Telemetry,5/2/21,10:22:42,41.3407873,-91.08472992,Female,"3,11L1,8R",Cuatro,Found,Not Active,40,On Land,,,,,
2655,tracked turtle,Terrapene ornata,Telemetry,5/3/21,10:41:11,41.34114096,-91.08461948,Female,"3,11L1,8R",Cuatro,Found,Active,100,On Land,,,,,
2705,tracked turtle,Terrapene ornata,Telemetry,5/4/21,11:24:35,41.34084949,-91.08429851,Female,"3,11L1,8R",Cuatro,Found,Active,100,On Land,,,,,
2744,tracked turtle,Terrapene ornata,Telemetry,5/5/21,13:16:07,41.34088594,-91.08424345,Female,"3,11L1,8R",Cuatro,Found,Not Active,10,On Land,,,,,
2755,tracked turtle,Terrapene ornata,Telemetry,5/6/21,12:02:34,41.34093722,-91.08439827,Female,"3,11L1,8R",Cuatro,Found,Not Active,25,On Land,,,,,
2818,tracked turtle,Terrapene ornata,Telemetry,5/7/21,11:35:11,41.34092933,-91.08426263,Female,"3,11L1,8R",Cuatro,Found,Active,100,On Land,,,,,
2831,tracked turtle,Terrapene ornata,Telemetry,5/8/21,12:13:35,41.34097344,-91.0844435,Female,"3,11L1,8R",Cuatro,Found,Not Active,25,On Land,,,,,
2847,tracked turtle,Terrapene ornata,Telemetry,5/9/21,10:56:00,41.34075562,-91.08447796,Female,"3,11L1,8R",Cuatro,Found,Not Active,10,On Land,,,,,
2857,tracked turtle,Terrapene ornata,Telemetry,5/10/21,10:24:06,41.34099723,-91.08437318,Female,"3,11L1,8R",Cuatro,Found,Active,100,On Land,,,,,
2903,tracked turtle,Terrapene ornata,Telemetry,5/12/21,10:09:19,41.34090574,-91.08445966,Female,"3,11L1,8R",Cuatro,Found,Active,100,On Land,,,,,
2888,tracked turtle,Terrapene ornata,Telemetry,5/13/21,10:52:43,41.34089065,-91.08437452,Female,"3,11L1,8R",Cuatro,Found,Not Active,25,On Land,,,,,
2919,tracked turtle,Terrapene ornata,Telemetry,5/14/21,10:10:15,41.34084722,-91.0845816,Female,"3,11L1,8R",Cuatro,Found,Active,100,On Land,,,,,
2948,tracked turtle,Terrapene ornata,Telemetry,5/16/21,10:49:32,41.34098446,-91.08469964,Female,"3,11L1,8R",Cuatro,Found,Active,100,On Land,,,,,
3021,tracked turtle,Terrapene ornata,Telemetry,5/19/21,10:51:22,41.34093,-91.08445451,Female,"3,11L1,8R",Cuatro,Found,Active,100,On Land,,,,,
3101,tracked turtle,Terrapene ornata,Telemetry,5/20/21,11:29:38,41.3407443,-91.08457779,Female,"3,11L1,8R",Cuatro,Found,Not Active,20,On Land,,,,,
3133,tracked turtle,Terrapene ornata,Telemetry,5/21/21,11:58:25,41.34085068,-91.0848094,Female,"3,11L1,8R",Cuatro,Found,Not Active,25,On Land,,,,,
3188,tracked turtle,Terrapene ornata,Telemetry,5/22/21,11:49:35,41.34103729,-91.08459254,Female,"3,11L1,8R",Cuatro,Found,Active,100,On Land,,,,,
3288,tracked turtle,Terrapene ornata,Telemetry,5/25/21,11:34:52,41.34096111,-91.08445352,Female,"3,11L1,8R",Cuatro,Found,Active,100,On Land,,,,,
3382,tracked turtle,Terrapene ornata,Telemetry,5/29/21,11:56:47,41.34105141,-91.08447561,Female,"3,11L1,8R",Cuatro,Found,Active,100,On Land,,,,,
3418,tracked turtle,Terrapene ornata,Telemetry,5/30/21,11:43:47,41.3409309,-91.08455426,Female,"3,11L1,8R",Cuatro,Found,Not Active,0,On Land,,,,,
3457,tracked turtle,Terrapene ornata,Telemetry,6/1/21,10:43:05,41.34101678,-91.08443636,Female,"3,11L1,8R",Cuatro,Found,Active,10,On Land,,,,,
3539,tracked turtle,Terrapene ornata,Telemetry,6/3/21,15:20:58,41.3410179,-91.08458417,Female,"3,11L1,8R",Cuatro,Found,Active,95,"Lentic (river, creek)",,,,,
3658,tracked turtle,Terrapene ornata,Telemetry,6/6/21,13:56:30,41.33936049,-91.08628109,Female,"3,11L1,8R",Cuatro,Found,Not Active,15,On Land,,,,,
3711,tracked turtle,Terrapene ornata,Telemetry,6/7/21,14:05:57,41.33858793,-91.08657046,Female,"3,11L1,8R",Cuatro,Found,Not Active,0,On Land,,,,,buried under cedar
3752,tracked turtle,Terrapene ornata,Telemetry,6/8/21,13:05:23,41.34020462,-91.08593468,Female,"3,11L1,8R",Cuatro,Found,Active,100,On Land,,,,,
3776,tracked turtle,Terrapene ornata,Telemetry,6/9/21,11:42:19,41.34018659,-91.0859041,Female,"3,11L1,8R",Cuatro,Found,Not Active,50,On Land,,,,,i dont think shes moved.  but shes alive
3805,tracked turtle,Terrapene ornata,Telemetry,6/11/21,9:47:13,41.34090148,-91.08439434,Female,"3,11L1,8R",Cuatro,Found,Not Active,25,On Land,,,,,
3953,tracked turtle,Terrapene ornata,Telemetry,6/15/21,8:48:04,41.34096004,-91.08393567,Female,"3,11L1,8R",Cuatro,Found,Active,80,On Land,,,,,was in the open.  hid under grass while i was taking a pic
4012,tracked turtle,Terrapene ornata,Telemetry,6/18/21,9:17:01,41.34114176,-91.08414531,Female,"3,11L1,8R",Cuatro,Found,Active,100,On Land,,,,,
4085,tracked turtle,Terrapene ornata,Telemetry,6/23/21,9:26:55,41.34092886,-91.08442817,Female,"3,11L1,8R",Cuatro,Found,Not Active,5,On Land,,,,,
4178,tracked turtle,Terrapene ornata,Telemetry,7/2/21,10:21:37,41.34132212,-91.08428701,Female,"3,11L1,8R",Cuatro,Found,Active,100,On Land,,,,,
4346,tracked turtle,Terrapene ornata,Telemetry,7/12/21,11:14:05,41.3409484,-91.08456715,Female,"3,11L1,8R",Cuatro,Found,Active,100,On Land,,,,,
4522,tracked turtle,Terrapene ornata,Telemetry,7/20/21,13:35:38,41.34055382,-91.08507408,Female,"3,11L1,8R",Cuatro,Found,Active,0,On Land,,,,,downloaded datalogger
4564,tracked turtle,Terrapene ornata,Telemetry,7/27/21,9:49:53,41.34082343,-91.08509135,Female,"3,11L1,8R",Cuatro,Found,Active,50,On Land,,,,,
4570,tracked turtle,Terrapene ornata,Telemetry,8/4/21,13:09:07,41.34101927,-91.08402215,Female,"3,11L1,8R",Cuatro,Found,Active,0,On Land,,,,,
4610,tracked turtle,Terrapene ornata,Telemetry,8/11/21,9:42:38,41.34074489,-91.08542327,Female,"3,11L1,8R",Cuatro,Found,Not Active,0,On Land,,,,,
4616,tracked turtle,Terrapene ornata,Telemetry,8/19/21,9:31:40,41.34075759,-91.08540106,Female,"3,11L1,8R",Cuatro,Found,Active,0,On Land,,,,,
4650,tracked turtle,Terrapene ornata,Telemetry,8/26/21,9:47:11,41.34097308,-91.08444963,Female,"3,11L1,8R",Cuatro,Found,Not Active,10,On Land,,,,,
4675,tracked turtle,Terrapene ornata,Telemetry,9/1/21,9:13:37,41.34102111,-91.08434527,Female,"3,11L1,8R",Cuatro,Found,Not Active,0,On Land,,,,,
4681,tracked turtle,Terrapene ornata,Telemetry,9/8/21,11:37:05,41.34097325,-91.08456303,Female,"3,11L1,8R",Cuatro,Found,Not Active,0,On Land,,,,,
4703,tracked turtle,Terrapene ornata,Telemetry,9/15/21,11:02:30,41.34101467,-91.08430393,Female,"3,11L1,8R",Cuatro,Not Found,Not Active,0,On Land,,,,,
4718,tracked turtle,Terrapene ornata,Telemetry,9/22/21,10:59:09,41.34076059,-91.0853806,Female,"3,11L1,8R",Cuatro,Found,Active,100,On Land,,,,,was on surface when found.  jetted into hole.
4742,tracked turtle,Terrapene ornata,Telemetry,9/29/21,10:41:08,41.34078696,-91.085435,Female,"3,11L1,8R",Cuatro,Found,Not Active,20,On Land,,,,,
4768,tracked turtle,Terrapene ornata,Telemetry,10/6/21,10:06:48,41.34076957,-91.08542134,Female,"3,11L1,8R",Cuatro,Not Found,Not Active,0,On Land,,,,,
4783,tracked turtle,Terrapene ornata,Telemetry,11/4/21,11:10:17,41.34083698,-91.08533471,Female,"3,11L1,8R",Cuatro,Not Found,Not Active,0,On Land,,,,,
4800,tracked turtle,Terrapene ornata,Telemetry,4/19/22,10:26:47,41.34090241,-91.0852993,Female,"3,11L1,8R",Cuatro,Not Found,Not Active,0,On Land,,,,,still buried
4834,tracked turtle,Terrapene ornata,Telemetry,4/30/22,12:43:31,41.34074891,-91.08533756,Female,"3,11L1,8R",Cuatro,Found,Not Active,20,On Land,,,,,
4876,tracked turtle,Terrapene ornata,Telemetry,5/13/22,14:23:07,41.34072744,-91.0853038,Female,"3,11L1,8R",Cuatro,Found,Not Active,5,On Land,,,,,replaced transmitter and datalogger
4994,tracked turtle,Terrapene ornata,Telemetry,5/19/22,14:20:49,41.34079977,-91.08448332,Female,"3,11L1,8R",Cuatro,Found,Not Active,10,On Land,,,,,
5005,tracked turtle,Terrapene ornata,Telemetry,5/20/22,9:54:04,41.34093296,-91.0847203,Female,"3,11L1,8R",Cuatro,Found,Not Active,75,On Land,,,,,
5034,tracked turtle,Terrapene ornata,Telemetry,5/24/22,10:43:35,41.34086021,-91.08475991,Female,"3,11L1,8R",Cuatro,Found,Active,100,On Land,,,,,form at finger tip
5057,tracked turtle,Terrapene ornata,Telemetry,5/25/22,9:40:48,41.34096867,-91.08462096,Female,"3,11L1,8R",Cuatro,Found,Active,100,On Land,,,,,
5063,tracked turtle,Terrapene ornata,Telemetry,5/26/22,10:26:06,41.34094408,-91.08460016,Female,"3,11L1,8R",Cuatro,Found,Active,75,On Land,,,,,
5085,tracked turtle,Terrapene ornata,Telemetry,5/27/22,12:22:18,41.34115863,-91.08432822,Female,"3,11L1,8R",Cuatro,Found,Active,100,On Land,,,,,
5115,tracked turtle,Terrapene ornata,Telemetry,5/28/22,13:08:26,41.34089284,-91.08469303,Female,"3,11L1,8R",Cuatro,Found,Active,15,On Land,,,,,
5165,tracked turtle,Terrapene ornata,Telemetry,6/2/22,12:19:42,41.34118406,-91.08455289,Female,"3,11L1,8R",Cuatro,Found,Active,100,On Land,,,,,
5204,tracked turtle,Terrapene ornata,Telemetry,6/4/22,10:11:50,41.34081764,-91.08459019,Female,"3,11L1,8R",Cuatro,Found,Active,100,On Land,,,,,
5230,tracked turtle,Terrapene ornata,Telemetry,6/5/22,12:16:04,41.34045607,-91.08521255,Female,"3,11L1,8R",Cuatro,Found,Not Active,10,On Land,,,,,
5253,tracked turtle,Terrapene ornata,Telemetry,6/6/22,12:37:05,41.33951019,-91.08569325,Female,"3,11L1,8R",Cuatro,Found,Active,100,On Land,,,,,
5280,tracked turtle,Terrapene ornata,Telemetry,6/7/22,12:25:02,41.33878832,-91.08579487,Female,"3,11L1,8R",Cuatro,Found,Not Active,50,On Land,,,,,
5288,tracked turtle,Terrapene ornata,Telemetry,6/8/22,12:41:54,41.33880131,-91.08575098,Female,"3,11L1,8R",Cuatro,Found,Active,100,On Land,,,,,
5331,tracked turtle,Terrapene ornata,Telemetry,6/10/22,13:33:36,41.33937003,-91.08605117,Female,"3,11L1,8R",Cuatro,Found,Active,100,On Land,,,,,not gravid 
5345,tracked turtle,Terrapene ornata,Visual Encounter,6/11/22,9:27:46,41.34042274,-91.0854163,Female,"3,11L1,8R",Cuatro,Found,Active,100,On Land,,,,,
5478,tracked turtle,Terrapene ornata,Telemetry,6/20/22,12:30:04,41.3431058,-91.08284056,Female,"3,11L1,8R",Cuatro,Found,Active,0,On Land,,,,,
5528,tracked turtle,Terrapene ornata,Telemetry,6/23/22,11:38:16,41.34149968,-91.08422543,Female,"3,11L1,8R",Cuatro,Found,Active,90,"Lotic (pond, vernal pool)",in trees,,,,
5569,tracked turtle,Terrapene ornata,Telemetry,6/26/22,11:42:06,41.34153169,-91.08481167,Female,"3,11L1,8R",Cuatro,Found,Active,100,On Land,,,,,
5604,tracked turtle,Terrapene ornata,Telemetry,6/30/22,12:11:32,41.34319921,-91.08293668,Female,"3,11L1,8R",Cuatro,Found,Active,0,On Land,,,,,walkimg around in waste high grass
5677,tracked turtle,Terrapene ornata,Telemetry,7/5/22,9:55:43,41.34139985,-91.08457913,Female,"3,11L1,8R",Cuatro,Found,Active,100,On Land,,,,,
5731,tracked turtle,Terrapene ornata,Telemetry,7/22/22,11:59:27,41.34140936,-91.08428643,Female,"3,11L1,8R",Cuatro,Found,Active,100,On Land,,,,,
5746,tracked turtle,Terrapene ornata,Telemetry,7/28/22,12:16:06,41.34079451,-91.085047,Female,"3,11L1,8R",Cuatro,Found,Not Active,0,On Land,,,,,
5762,tracked turtle,Terrapene ornata,Telemetry,8/4/22,10:36:20,41.34108026,-91.08441916,Female,"3,11L1,8R",Cuatro,Not Found,Not Active,0,On Land,,,,,
5780,tracked turtle,Terrapene ornata,Telemetry,8/11/22,9:51:14,41.34113063,-91.08459987,Female,"3,11L1,8R",Cuatro,Found,Active,100,On Land,,,,,
5799,tracked turtle,Terrapene ornata,Telemetry,9/1/22,10:52:31,41.34091056,-91.08441031,Female,"3,11L1,8R",Cuatro,Found,Active,100,On Land,,,,,
5816,tracked turtle,Terrapene ornata,Telemetry,9/7/22,11:39:31,41.34098947,-91.08473277,Female,"3,11L1,8R",Cuatro,Found,Active,80,On Land,,,,,
5850,tracked turtle,Terrapene ornata,Telemetry,9/15/22,15:02:28,41.34094727,-91.08452723,Female,"3,11L1,8R",Cuatro,Found,Not Active,0,On Land,,,,,under bunch grass
5903,tracked turtle,Terrapene ornata,Telemetry,10/5/22,12:29:13,41.34077363,-91.08535239,Female,"3,11L1,8R",Cuatro,Found,Not Active,10,On Land,,,,,
2968,tracked turtle,Terrapene ornata,Telemetry,5/16/21,9:53:02,41.32423178,-91.07793161,Female,"3,8L2,8R",Uno,Found,Active,100,On Land,,,,,
3045,tracked turtle,Terrapene ornata,Telemetry,5/19/21,10:01:37,41.3243226,-91.07804568,Female,"3,8L2,8R",Uno,Found,Active,100,On Land,,,,,
3098,tracked turtle,Terrapene ornata,Telemetry,5/20/21,10:16:23,41.32441778,-91.07807787,Female,"3,8L2,8R",Uno,Found,Active,100,On Land,,,,,
3151,tracked turtle,Terrapene ornata,Telemetry,5/21/21,10:29:32,41.32457884,-91.07798877,Female,"3,8L2,8R",Uno,Found,Active,100,On Land,,,,,
3172,tracked turtle,Terrapene ornata,Telemetry,5/22/21,11:02:29,41.32411537,-91.07783439,Female,"3,8L2,8R",Uno,Found,Active,100,On Land,,,,,
3262,tracked turtle,Terrapene ornata,Telemetry,5/24/21,10:33:22,41.32447377,-91.07742878,Female,"3,8L2,8R",Uno,Found,Active,100,On Land,,,,,
3322,tracked turtle,Terrapene ornata,Telemetry,5/26/21,10:00:32,41.32455209,-91.07753014,Female,"3,8L2,8R",Uno,Found,Active,50,On Land,,,,,
3379,tracked turtle,Terrapene ornata,Telemetry,5/29/21,10:19:38,41.32444418,-91.07774243,Female,"3,8L2,8R",Uno,Found,Active,100,On Land,,,,,
3414,tracked turtle,Terrapene ornata,Telemetry,5/30/21,10:42:51,41.32401264,-91.07827286,Female,"3,8L2,8R",Uno,Found,Active,100,On Land,,,,,
3497,tracked turtle,Terrapene ornata,Telemetry,6/2/21,10:27:30,41.32410844,-91.07840803,Female,"3,8L2,8R",Uno,Found,Active,100,On Land,,,,,
3530,tracked turtle,Terrapene ornata,Telemetry,6/3/21,11:00:54,41.32456121,-91.07754211,Female,"3,8L2,8R",Uno,Found,Not Active,35,On Land,Dow loaded logger,,,,
3641,tracked turtle,Terrapene ornata,Telemetry,6/6/21,9:47:31,41.32410191,-91.07795984,Female,"3,8L2,8R",Uno,Found,Active,100,On Land,,,,,cant feel eggs
3696,tracked turtle,Terrapene ornata,Telemetry,6/7/21,10:17:01,41.32411617,-91.07867508,Female,"3,8L2,8R",Uno,Found,Active,100,On Land,,,,,
3740,tracked turtle,Terrapene ornata,Telemetry,6/8/21,10:00:14,41.32407197,-91.07833274,Female,"3,8L2,8R",Uno,Found,Active,100,On Land,,,,,
3761,tracked turtle,Terrapene ornata,Telemetry,6/9/21,8:40:19,41.32405863,-91.07834326,Female,"3,8L2,8R",Uno,Found,Active,100,On Land,,,,,
3783,tracked turtle,Terrapene ornata,Telemetry,6/10/21,10:26:59,41.32422803,-91.07832745,Female,"3,8L2,8R",Uno,Found,Active,100,On Land,,,,,
3797,tracked turtle,Terrapene ornata,Telemetry,6/11/21,8:59:06,41.3251846,-91.08254234,Female,"3,8L2,8R",Uno,Found,Active,100,On Land,,,,,started to bury after i spitted her
3845,tracked turtle,Terrapene ornata,Telemetry,6/12/21,10:01:20,41.32496725,-91.08185685,Female,"3,8L2,8R",Uno,Found,Active,100,On Land,,,,,
3864,tracked turtle,Terrapene ornata,Telemetry,6/13/21,9:14:53,41.32510204,-91.08227507,Female,"3,8L2,8R",Uno,Not Found,Not Active,0,On Land,,,,,
3914,tracked turtle,Terrapene ornata,Telemetry,6/14/21,8:33:00,41.3239068,-91.07918303,Female,"3,8L2,8R",Uno,Found,Active,100,On Land,,,,,
3976,tracked turtle,Terrapene ornata,Telemetry,6/17/21,8:52:43,41.32419361,-91.07817668,Female,"3,8L2,8R",Uno,Found,Active,100,On Land,,,,,
4078,tracked turtle,Terrapene ornata,Telemetry,6/23/21,8:18:09,41.32528132,-91.0823178,Female,"3,8L2,8R",Uno,Found,Active,100,On Land,,,,,i think she just finished nesting
4173,tracked turtle,Terrapene ornata,Telemetry,7/2/21,9:23:46,41.32442234,-91.07804286,Female,"3,8L2,8R",Uno,Found,Active,100,On Land,,,,,
4342,tracked turtle,Terrapene ornata,Telemetry,7/12/21,10:29:54,41.32434744,-91.07806894,Female,"3,8L2,8R",Uno,Found,Active,100,On Land,,,,,
4536,tracked turtle,Terrapene ornata,Telemetry,7/20/21,13:11:44,41.32430288,-91.07801232,Female,"3,8L2,8R",Uno,Found,Active,0,On Land,buried and under grass,,,,datalogger downloaded
4562,tracked turtle,Terrapene ornata,Telemetry,7/27/21,8:45:57,41.32437394,-91.07797511,Female,"3,8L2,8R",Uno,Found,Active,100,On Land,,,,,
4577,tracked turtle,Terrapene ornata,Telemetry,8/4/21,11:48:14,41.32427577,-91.0780674,Female,"3,8L2,8R",Uno,Found,Active,100,On Land,,,,,
4592,tracked turtle,Terrapene ornata,Telemetry,8/11/21,8:40:24,41.32437665,-91.07773071,Female,"3,8L2,8R",Uno,Found,Not Active,0,On Land,,,,,
4620,tracked turtle,Terrapene ornata,Telemetry,8/19/21,8:39:29,41.32444609,-91.07806836,Female,"3,8L2,8R",Uno,Found,Active,100,On Land,,,,,
4647,tracked turtle,Terrapene ornata,Telemetry,8/26/21,8:50:57,41.32414092,-91.078158,Female,"3,8L2,8R",Uno,Found,Active,100,On Land,,,,,
4656,tracked turtle,Terrapene ornata,Telemetry,9/1/21,8:32:10,41.32451419,-91.07812128,Female,"3,8L2,8R",Uno,Found,Active,100,On Land,,,,,
4691,tracked turtle,Terrapene ornata,Telemetry,9/8/21,10:15:25,41.3243904,-91.07791868,Female,"3,8L2,8R",Uno,Found,Active,40,On Land,,,,,
4685,tracked turtle,Terrapene ornata,Telemetry,9/15/21,10:21:12,41.3244454,-91.07779884,Female,"3,8L2,8R",Uno,Found,Not Active,50,On Land,,,,,
4717,tracked turtle,Terrapene ornata,Telemetry,9/22/21,10:02:51,41.32527541,-91.0823368,Female,"3,8L2,8R",Uno,Found,Not Active,5,On Land,,,,,
4737,tracked turtle,Terrapene ornata,Telemetry,9/29/21,9:45:46,41.32526062,-91.0823575,Female,"3,8L2,8R",Uno,Found,Not Active,0,On Land,,,,,
4764,tracked turtle,Terrapene ornata,Telemetry,10/6/21,9:31:01,41.32530031,-91.08230269,Female,"3,8L2,8R",Uno,Not Found,Not Active,0,On Land,,,,,
4778,tracked turtle,Terrapene ornata,Telemetry,11/4/21,10:31:48,41.32524073,-91.08233819,Female,"3,8L2,8R",Uno,Not Found,Not Active,0,On Land,,,,,
4799,tracked turtle,Terrapene ornata,Telemetry,4/19/22,10:02:22,41.32530247,-91.08227941,Female,"3,8L2,8R",Uno,Not Found,Not Active,0,On Land,,,,,still buried
4813,tracked turtle,Terrapene ornata,Telemetry,4/29/22,12:23:25,41.32520819,-91.0822536,Female,"3,8L2,8R",Uno,Found,Not Active,0,On Land,,,,,
4839,tracked turtle,Terrapene ornata,Telemetry,4/30/22,13:43:29,41.32506254,-91.08203484,Female,"3,8L2,8R",Uno,Found,Not Active,0,On Land,,,,,
4888,tracked turtle,Terrapene ornata,Telemetry,5/13/22,13:42:39,41.32427572,-91.07816654,Female,"3,8L2,8R",Uno,Found,Not Active,50,On Land,,,,,replaced transmitter and datalogger
5048,tracked turtle,Terrapene ornata,Telemetry,5/24/22,10:13:34,41.32426351,-91.07800134,Female,"3,8L2,8R",Uno,Found,Active,100,On Land,,,,,
5071,tracked turtle,Terrapene ornata,Telemetry,5/26/22,11:48:54,41.32424063,-91.07804244,Female,"3,8L2,8R",Uno,Found,Active,100,On Land,,,,,
5076,tracked turtle,Terrapene ornata,Telemetry,5/27/22,10:42:16,41.32417676,-91.07794016,Female,"3,8L2,8R",Uno,Found,Active,100,On Land,,,,,
5114,tracked turtle,Terrapene ornata,Telemetry,5/28/22,12:31:31,41.32412169,-91.07829707,Female,"3,8L2,8R",Uno,Found,Active,100,On Land,,,,,
5145,tracked turtle,Terrapene ornata,Telemetry,6/1/22,9:44:01,41.32406909,-91.07832218,Female,"3,8L2,8R",Uno,Found,Active,100,On Land,,,,,
5175,tracked turtle,Terrapene ornata,Telemetry,6/2/22,11:49:59,41.32427797,-91.07831945,Female,"3,8L2,8R",Uno,Found,Active,100,On Land,,,,,
5185,tracked turtle,Terrapene ornata,Telemetry,6/3/22,9:18:56,41.324273,-91.07806844,Female,"3,8L2,8R",Uno,Found,Active,100,On Land,,,,,
5208,tracked turtle,Terrapene ornata,Telemetry,6/4/22,9:06:50,41.32428905,-91.07801561,Female,"3,8L2,8R",Uno,Found,Active,25,On Land,,,,,
5226,tracked turtle,Terrapene ornata,Telemetry,6/5/22,10:46:17,41.32418971,-91.07832171,Female,"3,8L2,8R",Uno,Found,Active,100,On Land,,,,,
5259,tracked turtle,Terrapene ornata,Telemetry,6/6/22,10:25:15,41.32439118,-91.07785646,Female,"3,8L2,8R",Uno,Found,Active,50,On Land,,,,,
5313,tracked turtle,Terrapene ornata,Telemetry,6/9/22,10:07:00,41.32423966,-91.07800797,Female,"3,8L2,8R",Uno,Found,Active,100,On Land,,,,,
5368,tracked turtle,Terrapene ornata,Telemetry,6/12/22,10:30:20,41.32432329,-91.07804529,Female,"3,8L2,8R",Uno,Found,Active,90,On Land,,,,,
5411,tracked turtle,Terrapene ornata,Telemetry,6/15/22,9:04:56,41.32540449,-91.08210777,Female,"3,8L2,8R",Uno,Found,Active,100,On Land,,,,,heading towards woods
5418,tracked turtle,Terrapene ornata,Telemetry,6/16/22,9:56:15,41.32433563,-91.080508,Female,"3,8L2,8R",Uno,Found,Active,100,On Land,nested,,,,
5441,tracked turtle,Terrapene ornata,Telemetry,6/18/22,9:22:06,41.32434221,-91.08068295,Female,"3,8L2,8R",Uno,Found,Not Active,0,On Land,,,,,"flag is her nest from thursday, laura is standing over her"
5456,tracked turtle,Terrapene ornata,Telemetry,6/19/22,9:07:27,41.32428582,-91.07832831,Female,"3,8L2,8R",Uno,Found,Not Active,25,On Land,,,,,
5565,tracked turtle,Terrapene ornata,Telemetry,6/26/22,9:57:15,41.32425794,-91.07813421,Female,"3,8L2,8R",Uno,Found,Active,100,On Land,,,,,
5585,tracked turtle,Terrapene ornata,Telemetry,6/28/22,9:13:36,41.32450713,-91.07789548,Female,"3,8L2,8R",Uno,Found,Active,100,On Land,,,,,
5617,tracked turtle,Terrapene ornata,Telemetry,6/30/22,10:27:49,41.32446057,-91.07814451,Female,"3,8L2,8R",Uno,Found,Active,100,On Land,,,,,
5661,tracked turtle,Terrapene ornata,Telemetry,7/4/22,9:33:44,41.32446924,-91.07739698,Female,"3,8L2,8R",Uno,Found,Not Active,75,On Land,,,,,
5729,tracked turtle,Terrapene ornata,Telemetry,7/22/22,10:45:46,41.32427403,-91.07792859,Female,"3,8L2,8R",Uno,Not Found,Not Active,0,On Land,,,,,
5744,tracked turtle,Terrapene ornata,Telemetry,7/28/22,10:47:59,41.32415538,-91.0779964,Female,"3,8L2,8R",Uno,Found,Active,70,On Land,,,,,
5773,tracked turtle,Terrapene ornata,Telemetry,8/4/22,9:54:17,41.32436405,-91.07774377,Female,"3,8L2,8R",Uno,Found,Active,100,On Land,,,,,
5775,tracked turtle,Terrapene ornata,Telemetry,8/11/22,9:11:37,41.32462506,-91.07791149,Female,"3,8L2,8R",Uno,Found,Active,100,On Land,,,,,
5792,tracked turtle,Terrapene ornata,Telemetry,9/1/22,9:40:17,41.32406632,-91.0798286,Female,"3,8L2,8R",Uno,Found,Not Active,40,On Land,,,,,
5814,tracked turtle,Terrapene ornata,Telemetry,9/7/22,10:08:32,41.32431313,-91.07977018,Female,"3,8L2,8R",Uno,Found,Active,100,On Land,,,,,
5873,tracked turtle,Terrapene ornata,Telemetry,9/23/22,9:05:33,41.32530588,-91.08236281,Female,"3,8L2,8R",Uno,Found,Not Active,0,On Land,,,,,
5898,tracked turtle,Terrapene ornata,Telemetry,10/5/22,11:01:51,41.32528546,-91.08231462,Female,"3,8L2,8R",Uno,Found,Not Active,0,On Land,,,,,"4in or so down.

right at pole from last year"
2854,tracked turtle,Terrapene ornata,Telemetry,5/10/21,9:41:25,41.32666234,-91.08117851,Male,"4-4,7L5R",Tres,Found,Active,100,On Land,,,,,
2899,tracked turtle,Terrapene ornata,Telemetry,5/12/21,9:39:51,41.32600306,-91.0812322,Male,"4-4,7L5R",Tres,Found,Active,100,On Land,,,,,
2884,tracked turtle,Terrapene ornata,Telemetry,5/13/21,10:12:49,41.32603745,-91.0814764,Male,"4-4,7L5R",Tres,Found,Active,100,On Land,,,,,
2916,tracked turtle,Terrapene ornata,Telemetry,5/14/21,9:33:12,41.32662194,-91.08093015,Male,"4-4,7L5R",Tres,Found,Active,100,On Land,,,,,
2944,tracked turtle,Terrapene ornata,Telemetry,5/16/21,9:53:45,41.32516358,-91.08098309,Male,"4-4,7L5R",Tres,Found,Active,100,On Land,,,,,
2990,tracked turtle,Terrapene ornata,Telemetry,5/17/21,10:11:35,41.32591219,-91.08127657,Male,"4-4,7L5R",Tres,Found,Active,100,On Land,,,,,
3046,tracked turtle,Terrapene ornata,Telemetry,5/19/21,10:15:45,41.32575151,-91.08075614,Male,"4-4,7L5R",Tres,Found,Active,100,On Land,,,,,
3070,tracked turtle,Terrapene ornata,Telemetry,5/20/21,10:38:05,41.3267805,-91.08087198,Male,"4-4,7L5R",Tres,Found,Active,100,On Land,,,,,
3126,tracked turtle,Terrapene ornata,Telemetry,5/21/21,10:34:57,41.32704458,-91.08107886,Male,"4-4,7L5R",Tres,Found,Active,90,On Land,,,,,
3173,tracked turtle,Terrapene ornata,Telemetry,5/22/21,11:24:15,41.3264892,-91.08097722,Male,"4-4,7L5R",Tres,Found,Active,100,On Land,,,,,
3237,tracked turtle,Terrapene ornata,Telemetry,5/24/21,10:28:16,41.32575758,-91.08170173,Male,"4-4,7L5R",Tres,Found,Active,100,On Land,,,,,
3323,tracked turtle,Terrapene ornata,Telemetry,5/26/21,10:12:02,41.32589416,-91.08067964,Male,"4-4,7L5R",Tres,Found,Active,100,On Land,,,,,
3380,tracked turtle,Terrapene ornata,Telemetry,5/29/21,10:39:13,41.32441245,-91.07778157,Male,"4-4,7L5R",Tres,Found,Active,100,On Land,,,,,
3416,tracked turtle,Terrapene ornata,Telemetry,5/30/21,11:03:21,41.32526827,-91.08075922,Male,"4-4,7L5R",Tres,Found,Active,100,On Land,,,,,
3487,tracked turtle,Terrapene ornata,Telemetry,6/2/21,10:19:37,41.32670399,-91.081042,Male,"4-4,7L5R",Tres,Found,Active,90,On Land,,,,,
3546,tracked turtle,Terrapene ornata,Telemetry,6/3/21,10:35:55,41.32582855,-91.08072151,Male,"4-4,7L5R",Tres,Found,Active,100,On Land,,,,,
3905,tracked turtle,Terrapene ornata,Telemetry,6/14/21,8:42:19,41.32534692,-91.0817769,Male,"4-4,7L5R",Tres,Found,Active,75,On Land,,,,,
3977,tracked turtle,Terrapene ornata,Telemetry,6/17/21,8:59:21,41.32529689,-91.08088113,Male,"4-4,7L5R",Tres,Found,Active,100,On Land,,,,,
4079,tracked turtle,Terrapene ornata,Telemetry,6/23/21,8:26:23,41.3254545,-91.08182847,Male,"4-4,7L5R",Tres,Not Found,Not Active,0,On Land,,,,,
4208,tracked turtle,Terrapene ornata,Telemetry,7/2/21,9:35:30,41.32556815,-91.08167698,Male,"4-4,7L5R",Tres,Found,Active,100,"Lentic (river, creek)",,,,,
4341,tracked turtle,Terrapene ornata,Telemetry,7/12/21,10:22:28,41.32565503,-91.08205072,Male,"4-4,7L5R",Tres,Found,Not Active,10,On Land,,,,,
4535,tracked turtle,Terrapene ornata,Telemetry,7/20/21,12:56:56,41.32572416,-91.08188708,Male,"4-4,7L5R",Tres,Found,Not Active,0,On Land,,,,,"datalogger download
"
4563,tracked turtle,Terrapene ornata,Telemetry,7/27/21,8:55:49,41.32563081,-91.08215516,Male,"4-4,7L5R",Tres,Found,Not Active,0,On Land,,,,,Deep in a form
4578,tracked turtle,Terrapene ornata,Telemetry,8/4/21,12:14:31,41.32563687,-91.08222101,Male,"4-4,7L5R",Tres,Found,Not Active,0,On Land,,,,,
4593,tracked turtle,Terrapene ornata,Telemetry,8/11/21,8:52:25,41.32552398,-91.08050143,Male,"4-4,7L5R",Tres,Found,Not Active,15,On Land,,,,,
4621,tracked turtle,Terrapene ornata,Telemetry,8/19/21,8:49:07,41.32580347,-91.08220065,Male,"4-4,7L5R",Tres,Found,Active,50,On Land,,,,,
4634,tracked turtle,Terrapene ornata,Telemetry,8/26/21,8:44:11,41.32603221,-91.08167411,Male,"4-4,7L5R",Tres,Found,Not Active,33,On Land,,,,,
4673,tracked turtle,Terrapene ornata,Telemetry,9/1/21,8:33:56,41.32561907,-91.08224368,Male,"4-4,7L5R",Tres,Found,Active,10,On Land,,,,,
4679,tracked turtle,Terrapene ornata,Telemetry,9/8/21,10:08:50,41.32567284,-91.08207629,Male,"4-4,7L5R",Tres,Found,Not Active,10,On Land,,,,,
4701,tracked turtle,Terrapene ornata,Telemetry,9/15/21,10:29:45,41.3256792,-91.08205965,Male,"4-4,7L5R",Tres,Found,Not Active,25,On Land,,,,,
4728,tracked turtle,Terrapene ornata,Telemetry,9/22/21,10:09:51,41.32569786,-91.08209062,Male,"4-4,7L5R",Tres,Found,Not Active,50,On Land,,,,,
4738,tracked turtle,Terrapene ornata,Telemetry,9/29/21,9:51:45,41.32615447,-91.0836805,Male,"4-4,7L5R",Tres,Found,Active,100,On Land,,,,,copulating
4761,tracked turtle,Terrapene ornata,Telemetry,10/6/21,9:40:13,41.32612636,-91.08366501,Male,"4-4,7L5R",Tres,Not Found,Not Active,0,On Land,,,,,
4779,tracked turtle,Terrapene ornata,Telemetry,11/4/21,10:36:37,41.32605904,-91.08372275,Male,"4-4,7L5R",Tres,Not Found,Not Active,0,On Land,,,,,box is on strongest beep.  flag is his spot from 2018
4957,tracked turtle,Terrapene ornata,Visual Encounter,5/17/22,10:58:37,41.32548335,-91.08084991,Male,"4-4,7L5R",Tres,Found,Active,80,On Land,,,,,
5080,tracked turtle,Terrapene ornata,Telemetry,5/27/22,11:08:54,41.32610321,-91.08202845,Male,"4-4,7L5R",Tres,Found,Active,75,On Land,,,,,
5188,tracked turtle,Terrapene ornata,Telemetry,6/3/22,9:37:46,41.32588466,-91.08120484,Male,"4-4,7L5R",Tres,Found,Active,100,On Land,,,,,
5314,tracked turtle,Terrapene ornata,Telemetry,6/9/22,10:21:18,41.3254112,-91.08177915,Male,"4-4,7L5R",Tres,Found,Active,100,On Land,,,,,
5457,tracked turtle,Terrapene ornata,Telemetry,6/19/22,9:12:23,41.3256758,-91.08175441,Male,"4-4,7L5R",Tres,Found,Not Active,5,On Land,,,,,
5566,tracked turtle,Terrapene ornata,Telemetry,6/26/22,10:07:48,41.32554421,-91.08052651,Male,"4-4,7L5R",Tres,Found,Active,70,On Land,,,,,
5586,tracked turtle,Terrapene ornata,Telemetry,6/28/22,9:21:39,41.32555721,-91.08176038,Male,"4-4,7L5R",Tres,Found,Active,100,On Land,,,,,
5618,tracked turtle,Terrapene ornata,Telemetry,6/30/22,10:35:45,41.32539586,-91.08174336,Male,"4-4,7L5R",Tres,Found,Active,100,On Land,,,,,
5662,tracked turtle,Terrapene ornata,Telemetry,7/4/22,9:41:43,41.32594802,-91.08139805,Male,"4-4,7L5R",Tres,Found,Active,100,On Land,,,,,
5730,tracked turtle,Terrapene ornata,Telemetry,7/22/22,11:02:05,41.32607723,-91.08165091,Male,"4-4,7L5R",Tres,Found,Active,100,On Land,,,,,
5745,tracked turtle,Terrapene ornata,Telemetry,7/28/22,11:04:00,41.32557959,-91.08218953,Male,"4-4,7L5R",Tres,Found,Not Active,0,On Land,,,,,
5772,tracked turtle,Terrapene ornata,Telemetry,8/4/22,10:03:07,41.32615674,-91.08163019,Male,"4-4,7L5R",Tres,Found,Active,100,On Land,,,,,
5776,tracked turtle,Terrapene ornata,Telemetry,8/11/22,9:20:49,41.32560139,-91.08221962,Male,"4-4,7L5R",Tres,Found,Not Active,0,On Land,,,,,Same burrow as last week 
5797,tracked turtle,Terrapene ornata,Telemetry,9/1/22,9:47:18,41.32571463,-91.08132453,Male,"4-4,7L5R",Tres,Found,Active,100,On Land,,,,,
5811,tracked turtle,Terrapene ornata,Telemetry,9/7/22,10:27:21,41.325642,-91.08240314,Male,"4-4,7L5R",Tres,Found,Active,50,On Land,,,,,
5872,tracked turtle,Terrapene ornata,Telemetry,9/23/22,9:02:21,41.32564274,-91.08220743,Male,"4-4,7L5R",Tres,Found,Not Active,0,On Land,,,,,
5882,tracked turtle,Terrapene ornata,Telemetry,10/5/22,10:46:13,41.32558115,-91.08218708,Male,"4-4,7L5R",Tres,Found,Active,70,On Land,,,,,downloading datalogger